{"epoch": 99, "batch_loss": 0.027059948071837425, "_step": 800000, "_runtime": 80, "_timestamp": 1612900144, "loss": 0.027059948071837425}