{"epoch": 990, "MSE": 0.02590145543217659, "CosSim": 0.8743674159049988, "Dice": 0.8999785780906677, "_runtime": 7574, "_timestamp": 1613129307, "_step": 7928000}