{"epoch": 99, "batch_loss": 0.026597289368510246, "_step": 800000, "_runtime": 85, "_timestamp": 1612902757, "loss": 0.026597289368510246}