{"epoch": 99, "batch_loss": 0.02628992684185505, "_step": 800000, "_runtime": 75, "_timestamp": 1612903385, "loss": 0.02628992684185505}