{"epoch": 990, "MSE": 0.02621249109506607, "CosSim": 0.9190458655357361, "Dice": 0.9743454456329346, "_runtime": 1470, "_timestamp": 1613113418, "_step": 7928000}