{"epoch": 990, "MSE": 0.02631578966975212, "CosSim": 1.0, "Dice": 0.8888888955116272, "_runtime": 7789, "_timestamp": 1613163705, "_step": 7928000}