{"epoch": 99, "batch_loss": 0.027913538739085197, "_step": 800000, "_runtime": 79, "_timestamp": 1612901131, "loss": 0.027913538739085197}