{"epoch": 495, "MSE": 0.02609834261238575, "CosSim": 0.9004653692245483, "Dice": 0.9062342047691345, "_runtime": 2877, "_timestamp": 1613102734, "_step": 3968000}