{"epoch": 990, "MSE": 0.02608974650502205, "CosSim": 0.898627519607544, "Dice": 0.9695907831192017, "_runtime": 1597, "_timestamp": 1613111941, "_step": 7928000}