{"epoch": 990, "MSE": 0.025804249569773674, "CosSim": 0.85772705078125, "Dice": 0.898186981678009, "_runtime": 7076, "_timestamp": 1613101463, "_step": 7928000}