{"epoch": 350, "MSE": 0.03112919069826603, "CosSim": 0.8127962946891785, "Dice": 0.644187331199646, "_runtime": 300, "_timestamp": 1613431637, "_step": 8775}