{"epoch": 495, "MSE": 0.026146885007619858, "CosSim": 0.9131779074668884, "Dice": 0.9743093848228455, "_runtime": 840, "_timestamp": 1613086032, "_step": 3968000}