{"epoch": 990, "MSE": 0.00031804924947209656, "CosSim": 0.9806837439537048, "Dice": 0.6664363145828247, "_runtime": 13629, "_timestamp": 1613423116, "_step": 2492365}