{"epoch": 99, "batch_loss": 0.02699594758450985, "_step": 800000, "_runtime": 72, "_timestamp": 1612904020, "loss": 0.02699594758450985}