{"epoch": 495, "MSE": 0.02622571401298046, "CosSim": 0.9031732678413391, "Dice": 0.9709352254867554, "_runtime": 637, "_timestamp": 1613109590, "_step": 3968000}