{"epoch": 990, "MSE": 0.026138516142964363, "CosSim": 0.9071261286735535, "Dice": 0.971662163734436, "_runtime": 1313, "_timestamp": 1613075770, "_step": 7928000}