{"epoch": 495, "MSE": 0.025350892916321754, "CosSim": 0.8058959245681763, "Dice": 0.8920732140541077, "_runtime": 3839, "_timestamp": 1613094381, "_step": 3968000}