{"epoch": 999, "batch_loss": 0.02599283680319786, "_runtime": 801, "_timestamp": 1612908017, "_step": 8000000, "loss": 0.02599283680319786}