{"epoch": 495, "MSE": 0.02599908597767353, "CosSim": 0.8893261551856995, "Dice": 0.8979034423828125, "_runtime": 3948, "_timestamp": 1613122902, "_step": 3968000}