{"epoch": 495, "MSE": 0.026286637410521507, "CosSim": 0.9181254506111145, "Dice": 0.9730751514434814, "_runtime": 695, "_timestamp": 1613075273, "_step": 3968000}