{"epoch": 0, "MSE": 0.031176816672086716, "CosSim": 0.8168933391571045, "Dice": 0.644689679145813, "_runtime": 21, "_timestamp": 1613431246, "_step": 25}