{"epoch": 999, "batch_loss": 0.02634669654071331, "_runtime": 884, "_timestamp": 1612914067, "_step": 8000000, "loss": 0.02634669654071331}