{"epoch": 990, "MSE": 0.026346005499362946, "CosSim": 0.9290763139724731, "Dice": 0.9065855145454407, "_runtime": 6782, "_timestamp": 1613102621, "_step": 7928000}