{"epoch": 990, "MSE": 0.02643348090350628, "CosSim": 0.9437899589538574, "Dice": 0.9127199053764343, "_runtime": 7031, "_timestamp": 1613130723, "_step": 7928000}