{"epoch": 999, "batch_loss": 0.027030175551772118, "_runtime": 1047, "_timestamp": 1612910089, "_step": 8000000, "loss": 0.027030175551772118}