{"epoch": 99, "batch_loss": 0.02836919203400612, "_step": 800000, "_runtime": 82, "_timestamp": 1612900241, "loss": 0.02836919203400612}