{"epoch": 99, "batch_loss": 0.027411924675107002, "_step": 800000, "_runtime": 86, "_timestamp": 1612898731, "loss": 0.027411924675107002}