{"epoch": 99, "batch_loss": 0.028520839288830757, "_step": 800000, "_runtime": 86, "_timestamp": 1612898631, "loss": 0.028520839288830757}