{"epoch": 99, "batch_loss": 0.027402890846133232, "_step": 800000, "_runtime": 76, "_timestamp": 1612902920, "loss": 0.027402890846133232}