{"epoch": 99, "batch_loss": 0.027736080810427666, "_step": 800000, "_runtime": 71, "_timestamp": 1612903226, "loss": 0.027736080810427666}