{"epoch": 25, "MSE": 0.026064518839120865, "CosSim": 0.8947942852973938, "Dice": 0.9094494581222534, "_runtime": 209, "_timestamp": 1613146711, "_step": 208000}