{"epoch": 495, "MSE": 0.026211949065327644, "CosSim": 0.921366810798645, "Dice": 0.9084344506263733, "_runtime": 4317, "_timestamp": 1613078934, "_step": 3968000}