{"epoch": 990, "MSE": 0.02638520486652851, "CosSim": 0.9553347229957581, "Dice": 0.9115232229232788, "_runtime": 8147, "_timestamp": 1613143329, "_step": 7928000}