{"epoch": 1980, "MSE": 0.024205049499869347, "CosSim": 0.7114337682723999, "Dice": 0.8778336048126221, "_runtime": 14830, "_timestamp": 1613162523, "_step": 15848000}