{"epoch": 99, "batch_loss": 0.02859191782772541, "_step": 800000, "_runtime": 86, "_timestamp": 1612901570, "loss": 0.02859191782772541}