{"epoch": 495, "MSE": 0.026106394827365875, "CosSim": 0.8991398811340332, "Dice": 0.9710025191307068, "_runtime": 774, "_timestamp": 1613118947, "_step": 3968000}