{"epoch": 99, "batch_loss": 0.02795359306037426, "_step": 800000, "_runtime": 76, "_timestamp": 1612903306, "loss": 0.02795359306037426}