{"epoch": 99, "batch_loss": 0.026132680475711823, "_runtime": 97, "_timestamp": 1612915141, "_step": 800000, "loss": 0.026132680475711823}