{"epoch": 495, "MSE": 0.026138437911868095, "CosSim": 0.9044888019561768, "Dice": 0.907535195350647, "_runtime": 3543, "_timestamp": 1613094294, "_step": 3968000}