{"epoch": 99, "batch_loss": 0.026962660253047943, "_runtime": 98, "_timestamp": 1612914619, "_step": 800000, "loss": 0.026962660253047943}