{"epoch": 99, "batch_loss": 0.02682538516819477, "_step": 800000, "_runtime": 74, "_timestamp": 1612902020, "loss": 0.02682538516819477}