{"epoch": 495, "MSE": 0.02606884390115738, "CosSim": 0.9019569754600525, "Dice": 0.9755405187606812, "_runtime": 604, "_timestamp": 1613094912, "_step": 3968000}