{"epoch": 99, "batch_loss": 0.028132125735282898, "_step": 800000, "_runtime": 74, "_timestamp": 1612897980, "loss": 0.028132125735282898}