{"epoch": 495, "MSE": 0.026231223717331886, "CosSim": 0.9236595630645752, "Dice": 0.9761994481086731, "_runtime": 851, "_timestamp": 1613084001, "_step": 3968000}