{"epoch": 1980, "MSE": 0.03095877543091774, "CosSim": 0.7982707023620605, "Dice": 0.6422826051712036, "_runtime": 1441, "_timestamp": 1613412025, "_step": 49525}