{"epoch": 999, "batch_loss": 0.0262878630310297, "_runtime": 805, "_timestamp": 1612908826, "_step": 8000000, "loss": 0.0262878630310297}