{"epoch": 99, "batch_loss": 0.026399699971079826, "_step": 800000, "_runtime": 76, "_timestamp": 1612904331, "loss": 0.026399699971079826}