{"epoch": 999, "batch_loss": 0.02645145356655121, "_runtime": 874, "_timestamp": 1612913179, "_step": 8000000, "loss": 0.02645145356655121}