{"epoch": 99, "batch_loss": 0.029271332547068596, "_step": 800000, "_runtime": 82, "_timestamp": 1612899346, "loss": 0.029271332547068596}