{"epoch": 99, "batch_loss": 0.02806740067899227, "_step": 800000, "_runtime": 80, "_timestamp": 1612901215, "loss": 0.02806740067899227}