{"epoch": 495, "MSE": 0.026059608906507492, "CosSim": 0.9011170864105225, "Dice": 0.9747869968414307, "_runtime": 828, "_timestamp": 1613130142, "_step": 3968000}