{"epoch": 350, "MSE": 0.031313516199588776, "CosSim": 0.8286623954772949, "Dice": 0.646103024482727, "_runtime": 301, "_timestamp": 1613431647, "_step": 8775}