{"epoch": 99, "batch_loss": 0.02695458196103573, "_step": 800000, "_runtime": 80, "_timestamp": 1612902105, "loss": 0.02695458196103573}