{"epoch": 990, "MSE": 0.026179814711213112, "CosSim": 0.8984477519989014, "Dice": 0.9071773886680603, "_runtime": 7516, "_timestamp": 1613117380, "_step": 7928000}