{"epoch": 15, "MSE": 0.026238704100251198, "CosSim": 0.9186660647392273, "Dice": 0.9747520089149475, "_runtime": 36, "_timestamp": 1613074549, "_step": 128000}