{"epoch": 999, "batch_loss": 0.026567239314317703, "_runtime": 833, "_timestamp": 1612915741, "_step": 8000000, "loss": 0.026567239314317703}