{"epoch": 990, "MSE": 0.02610095590353012, "CosSim": 0.9026272296905518, "Dice": 0.9715602397918701, "_runtime": 1401, "_timestamp": 1613087212, "_step": 7928000}