{"epoch": 990, "MSE": 0.02594279684126377, "CosSim": 0.8661214709281921, "Dice": 0.9104224443435669, "_runtime": 5772, "_timestamp": 1613136503, "_step": 7928000}