{"epoch": 495, "MSE": 0.026129473000764847, "CosSim": 0.8968682289123535, "Dice": 0.968925416469574, "_runtime": 789, "_timestamp": 1613109856, "_step": 3968000}