{"epoch": 999, "batch_loss": 0.026573922485113144, "_runtime": 1046, "_timestamp": 1612909028, "_step": 8000000, "loss": 0.026573922485113144}