{"epoch": 990, "MSE": 0.02587807923555374, "CosSim": 0.8628811836242676, "Dice": 0.8923460245132446, "_runtime": 8286, "_timestamp": 1613100825, "_step": 7928000}