{"epoch": 99, "batch_loss": 0.02678508125245571, "_step": 800000, "_runtime": 77, "_timestamp": 1612903787, "loss": 0.02678508125245571}