{"epoch": 495, "MSE": 0.025612467899918556, "CosSim": 0.8335121870040894, "Dice": 0.8941466808319092, "_runtime": 4178, "_timestamp": 1613081564, "_step": 3968000}