{"epoch": 99, "batch_loss": 0.029104892164468765, "_step": 800000, "_runtime": 88, "_timestamp": 1612899620, "loss": 0.029104892164468765}