{"epoch": 99, "batch_loss": 0.027301784604787827, "_step": 800000, "_runtime": 71, "_timestamp": 1612903151, "loss": 0.027301784604787827}