{"epoch": 495, "MSE": 0.025918496772646904, "CosSim": 0.8762251138687134, "Dice": 0.8996620178222656, "_runtime": 2635, "_timestamp": 1613105375, "_step": 3968000}