{"epoch": 990, "MSE": 0.02609645016491413, "CosSim": 0.9029272794723511, "Dice": 0.9722857475280762, "_runtime": 1592, "_timestamp": 1613088577, "_step": 7928000}