{"epoch": 999, "batch_loss": 0.026110030710697174, "_runtime": 1031, "_timestamp": 1612906936, "_step": 8000000, "loss": 0.026110030710697174}