{"epoch": 99, "batch_loss": 0.026107339188456535, "_runtime": 98, "_timestamp": 1612904555, "_step": 800000, "loss": 0.026107339188456535}