{"epoch": 999, "batch_loss": 0.026332827284932137, "_runtime": 860, "_timestamp": 1612910550, "_step": 8000000, "loss": 0.026332827284932137}