{"epoch": 99, "batch_loss": 0.028781816363334656, "_step": 800000, "_runtime": 75, "_timestamp": 1612902345, "loss": 0.028781816363334656}