{"epoch": 999, "batch_loss": 0.02755758725106716, "_runtime": 1030, "_timestamp": 1612905901, "_step": 8000000, "loss": 0.02755758725106716}