{"epoch": 495, "MSE": 0.026715153828263283, "CosSim": 0.9650340676307678, "Dice": 0.9182788729667664, "_runtime": 4556, "_timestamp": 1613083495, "_step": 3968000}