{"epoch": 495, "MSE": 0.025696003809571266, "CosSim": 0.8445342779159546, "Dice": 0.8981491327285767, "_runtime": 3499, "_timestamp": 1613099849, "_step": 3968000}