{"epoch": 990, "MSE": 0.025561552494764328, "CosSim": 0.8252812027931213, "Dice": 0.8942679762840271, "_runtime": 8123, "_timestamp": 1613135176, "_step": 7928000}