{"epoch": 9300, "MSE": 0.025614513084292412, "CosSim": 0.8358651399612427, "Dice": 0.9043850302696228, "_runtime": 65179, "_timestamp": 1613146518, "_step": 74408000}