{"epoch": 990, "MSE": 0.02559713087975979, "CosSim": 0.8347247838973999, "Dice": 0.9158762693405151, "_runtime": 8165, "_timestamp": 1613155912, "_step": 7928000}