{"epoch": 990, "MSE": 0.03125365450978279, "CosSim": 0.8235024809837341, "Dice": 0.6454460620880127, "_runtime": 740, "_timestamp": 1613410580, "_step": 24775}