{"epoch": 640, "MSE": 0.025664078071713448, "CosSim": 0.8425471186637878, "Dice": 0.6495999097824097, "_runtime": 28739, "_timestamp": 1613191266, "_step": 5128000}