{"epoch": 495, "MSE": 0.02631578966975212, "CosSim": 1.0, "Dice": 0.8888888955116272, "_runtime": 4475, "_timestamp": 1613085277, "_step": 3968000}