{"epoch": 990, "MSE": 0.026308728381991386, "CosSim": 0.9278467297554016, "Dice": 0.9120847582817078, "_runtime": 6671, "_timestamp": 1613123676, "_step": 7928000}