{"epoch": 495, "MSE": 0.026077276095747948, "CosSim": 0.9044497013092041, "Dice": 0.8998227715492249, "_runtime": 3231, "_timestamp": 1613088512, "_step": 3968000}