{"epoch": 99, "batch_loss": 0.028789745643734932, "_step": 800000, "_runtime": 84, "_timestamp": 1612899709, "loss": 0.028789745643734932}