{"epoch": 99, "batch_loss": 0.028457241132855415, "_step": 800000, "_runtime": 87, "_timestamp": 1612901661, "loss": 0.028457241132855415}