{"epoch": 99, "batch_loss": 0.027929021045565605, "_runtime": 99, "_timestamp": 1612914413, "_step": 800000, "loss": 0.027929021045565605}