{"epoch": 990, "MSE": 0.026497533544898033, "CosSim": 0.9140947461128235, "Dice": 0.9131304025650024, "_runtime": 7313, "_timestamp": 1613095832, "_step": 7928000}