{"epoch": 99, "batch_loss": 0.027046995237469673, "_runtime": 102, "_timestamp": 1612904046, "_step": 800000, "loss": 0.027046995237469673}