{"epoch": 99, "batch_loss": 0.026248831301927567, "_runtime": 98, "_timestamp": 1612915037, "_step": 800000, "loss": 0.026248831301927567}