{"epoch": 990, "MSE": 0.025913579389452934, "CosSim": 0.852613091468811, "Dice": 0.8993808031082153, "_runtime": 7619, "_timestamp": 1613139973, "_step": 7928000}