{"epoch": 350, "MSE": 0.031089821830391884, "CosSim": 0.8094049096107483, "Dice": 0.6437879800796509, "_runtime": 308, "_timestamp": 1613431629, "_step": 8775}