{"epoch": 990, "MSE": 0.026229316368699074, "CosSim": 0.9248787760734558, "Dice": 0.9765916466712952, "_runtime": 1428, "_timestamp": 1613144764, "_step": 7928000}