{"epoch": 99000, "MSE": 7.908499355835374e-06, "CosSim": 4.166364669799805e-05, "Dice": 0.008535444736480713, "_runtime": 76121, "_timestamp": 1613528182, "_step": 2475025}