{"epoch": 495, "MSE": 0.02644137293100357, "CosSim": 0.9255046844482422, "Dice": 0.9152306914329529, "_runtime": 3574, "_timestamp": 1613116999, "_step": 3968000}