{"epoch": 990, "MSE": 0.031036026775836945, "CosSim": 0.8053634166717529, "Dice": 0.641352653503418, "_runtime": 773, "_timestamp": 1613420018, "_step": 24775}