{"epoch": 99, "batch_loss": 0.026174521073698997, "_runtime": 104, "_timestamp": 1612904765, "_step": 800000, "loss": 0.026174521073698997}