{"epoch": 99, "batch_loss": 0.026554768905043602, "_step": 800000, "_runtime": 71, "_timestamp": 1612904171, "loss": 0.026554768905043602}