{"epoch": 99, "batch_loss": 0.028697893023490906, "_step": 800000, "_runtime": 73, "_timestamp": 1612902266, "loss": 0.028697893023490906}