{"epoch": 99, "batch_loss": 0.027669306844472885, "_step": 800000, "_runtime": 85, "_timestamp": 1612901480, "loss": 0.027669306844472885}