{"epoch": 99, "batch_loss": 0.026945339515805244, "_step": 800000, "_runtime": 71, "_timestamp": 1612903073, "loss": 0.026945339515805244}