{"epoch": 99, "batch_loss": 0.026571057736873627, "_step": 800000, "_runtime": 85, "_timestamp": 1612901941, "loss": 0.026571057736873627}