{"epoch": 990, "MSE": 0.03130275756120682, "CosSim": 0.8277184367179871, "Dice": 0.6459428071975708, "_runtime": 749, "_timestamp": 1613419922, "_step": 24775}