{"epoch": 990, "MSE": 0.025992441922426224, "CosSim": 0.8872868418693542, "Dice": 0.9707371592521667, "_runtime": 1418, "_timestamp": 1613096344, "_step": 7928000}