{"epoch": 99, "batch_loss": 0.026744956150650978, "_runtime": 97, "_timestamp": 1612914514, "_step": 800000, "loss": 0.026744956150650978}