{"epoch": 990, "MSE": 0.009868420660495758, "CosSim": 0.20943057537078857, "Dice": 0.21432507038116455, "_runtime": 5664, "_timestamp": 1613120678, "_step": 7928000}