{"epoch": 990, "MSE": 0.02646227367222309, "CosSim": 0.9291918277740479, "Dice": 0.9751898646354675, "_runtime": 1276, "_timestamp": 1613124700, "_step": 7928000}