{"epoch": 990, "MSE": 0.02607329562306404, "CosSim": 0.8806233406066895, "Dice": 0.9635276794433594, "_runtime": 1380, "_timestamp": 1613122066, "_step": 7928000}