{"epoch": 495, "MSE": 0.026040375232696533, "CosSim": 0.8933614492416382, "Dice": 0.9046127796173096, "_runtime": 3511, "_timestamp": 1613090737, "_step": 3968000}