{"epoch": 999, "batch_loss": 0.026252716779708862, "_runtime": 882, "_timestamp": 1612905519, "_step": 8000000, "loss": 0.026252716779708862}