{"epoch": 99, "batch_loss": 0.02938244305551052, "_step": 800000, "_runtime": 79, "_timestamp": 1612898992, "loss": 0.02938244305551052}