{"epoch": 99, "batch_loss": 0.029431553557515144, "_step": 800000, "_runtime": 83, "_timestamp": 1612901302, "loss": 0.029431553557515144}