{"epoch": 990, "MSE": 0.026412831619381905, "CosSim": 0.9598149657249451, "Dice": 0.9100860357284546, "_runtime": 8227, "_timestamp": 1613109059, "_step": 7928000}