{"epoch": 99, "batch_loss": 0.0279689934104681, "_step": 800000, "_runtime": 73, "_timestamp": 1612897901, "loss": 0.0279689934104681}