{"epoch": 270, "MSE": 0.026315821334719658, "CosSim": 1.0, "Dice": 0.8890339136123657, "_runtime": 2429, "_timestamp": 1613146704, "_step": 2168000}