{"epoch": 495, "MSE": 0.025828396901488304, "CosSim": 0.8632846474647522, "Dice": 0.9019521474838257, "_runtime": 3471, "_timestamp": 1613080150, "_step": 3968000}