{"epoch": 99, "batch_loss": 0.02735535055398941, "_step": 800000, "_runtime": 79, "_timestamp": 1612899076, "loss": 0.02735535055398941}