{"epoch": 99, "batch_loss": 0.028263645246624947, "_step": 800000, "_runtime": 85, "_timestamp": 1612900689, "loss": 0.028263645246624947}