{"epoch": 99, "batch_loss": 0.02662322111427784, "_step": 800000, "_runtime": 77, "_timestamp": 1612902839, "loss": 0.02662322111427784}