{"epoch": 99, "batch_loss": 0.028345365077257156, "_step": 800000, "_runtime": 84, "_timestamp": 1612900597, "loss": 0.028345365077257156}