{"epoch": 99, "batch_loss": 0.027621589601039886, "_step": 800000, "_runtime": 85, "_timestamp": 1612899798, "loss": 0.027621589601039886}