{"epoch": 990, "MSE": 0.02593514882028103, "CosSim": 0.8786308765411377, "Dice": 0.9690037965774536, "_runtime": 1650, "_timestamp": 1613142070, "_step": 7928000}