{"epoch": 990, "MSE": 0.026215659454464912, "CosSim": 0.92232346534729, "Dice": 0.9758569002151489, "_runtime": 1684, "_timestamp": 1613085186, "_step": 7928000}