{"epoch": 999, "batch_loss": 0.026347994804382324, "_runtime": 864, "_timestamp": 1612911418, "_step": 8000000, "loss": 0.026347994804382324}