{"epoch": 99, "batch_loss": 0.027608243748545647, "_step": 800000, "_runtime": 86, "_timestamp": 1612900779, "loss": 0.027608243748545647}