{"epoch": 99, "batch_loss": 0.028116540983319283, "_step": 800000, "_runtime": 84, "_timestamp": 1612900330, "loss": 0.028116540983319283}