{"epoch": 99, "batch_loss": 0.027832772582769394, "_step": 800000, "_runtime": 86, "_timestamp": 1612900869, "loss": 0.027832772582769394}