{"epoch": 990, "MSE": 0.026351625099778175, "CosSim": 0.9369129538536072, "Dice": 0.9766706228256226, "_runtime": 1556, "_timestamp": 1613077330, "_step": 7928000}