{"epoch": 990, "MSE": 5.175727437745081e-06, "CosSim": 2.199411392211914e-05, "Dice": 0.008266925811767578, "_runtime": 42531, "_timestamp": 1613303524, "_step": 7928000}