{"epoch": 990, "MSE": 0.02564053423702717, "CosSim": 0.8397954106330872, "Dice": 0.6492980718612671, "_runtime": 54860, "_timestamp": 1613202493, "_step": 7928000}