{"epoch": 99, "batch_loss": 0.028566822409629822, "_step": 800000, "_runtime": 80, "_timestamp": 1612899965, "loss": 0.028566822409629822}