{"epoch": 990, "MSE": 0.026082590222358704, "CosSim": 0.8920031189918518, "Dice": 0.9687401056289673, "_runtime": 1368, "_timestamp": 1613129995, "_step": 7928000}