{"epoch": 999, "batch_loss": 0.02679622732102871, "_runtime": 879, "_timestamp": 1612912301, "_step": 8000000, "loss": 0.02679622732102871}