{"epoch": 99, "batch_loss": 0.027426399290561676, "_step": 800000, "_runtime": 74, "_timestamp": 1612904250, "loss": 0.027426399290561676}