{"epoch": 2300, "MSE": 9.802640761336079e-07, "CosSim": 4.827976226806641e-06, "Dice": 0.0035047531127929688, "_runtime": 96592, "_timestamp": 1613400120, "_step": 18408000}