{"epoch": 2500, "MSE": 4.405609161040047e-06, "CosSim": 3.0994415283203125e-05, "Dice": 0.006885111331939697, "_runtime": 104622, "_timestamp": 1613408150, "_step": 20008000}