{"epoch": 99, "batch_loss": 0.027199584990739822, "_step": 800000, "_runtime": 77, "_timestamp": 1612902507, "loss": 0.027199584990739822}