{"epoch": 99, "batch_loss": 0.02901441790163517, "_runtime": 97, "_timestamp": 1612914310, "_step": 800000, "loss": 0.02901441790163517}