{"epoch": 999, "batch_loss": 0.026524974033236504, "_runtime": 833, "_timestamp": 1612914904, "_step": 8000000, "loss": 0.026524974033236504}