{"epoch": 990, "MSE": 0.025584692135453224, "CosSim": 0.833271861076355, "Dice": 0.6485859155654907, "_runtime": 39377, "_timestamp": 1613273877, "_step": 7928000}