{"epoch": 990, "MSE": 0.026101140305399895, "CosSim": 0.887736439704895, "Dice": 0.9091100692749023, "_runtime": 7528, "_timestamp": 1613121718, "_step": 7928000}