{"epoch": 990, "MSE": 0.026390552520751953, "CosSim": 0.9608116149902344, "Dice": 0.9109417796134949, "_runtime": 6775, "_timestamp": 1613143285, "_step": 7928000}