{"epoch": 99, "batch_loss": 0.029540523886680603, "_step": 800000, "_runtime": 76, "_timestamp": 1612902587, "loss": 0.029540523886680603}