{"epoch": 990, "MSE": 0.026262827217578888, "CosSim": 0.9243735671043396, "Dice": 0.9757570028305054, "_runtime": 1394, "_timestamp": 1613076672, "_step": 7928000}