{"epoch": 990, "MSE": 0.0259820856153965, "CosSim": 0.8871200084686279, "Dice": 0.9016950726509094, "_runtime": 8589, "_timestamp": 1613140412, "_step": 7928000}