{"epoch": 99, "batch_loss": 0.02696789987385273, "_step": 800000, "_runtime": 87, "_timestamp": 1612901752, "loss": 0.02696789987385273}