{"epoch": 99, "batch_loss": 0.028106780722737312, "_step": 800000, "_runtime": 84, "_timestamp": 1612901391, "loss": 0.028106780722737312}