{"epoch": 99, "batch_loss": 0.027522463351488113, "_step": 800000, "_runtime": 76, "_timestamp": 1612903868, "loss": 0.027522463351488113}