{"epoch": 13, "MSE": 0.0256733950227499, "CosSim": 0.8436424136161804, "Dice": 0.6497368812561035, "_runtime": 645, "_timestamp": 1613234425, "_step": 112000}