{"epoch": 99, "batch_loss": 0.029198292642831802, "_step": 800000, "_runtime": 85, "_timestamp": 1612899258, "loss": 0.029198292642831802}