{"epoch": 999, "batch_loss": 0.02744620107114315, "_runtime": 1055, "_timestamp": 1612912214, "_step": 8000000, "loss": 0.02744620107114315}