{"epoch": 50, "MSE": 0.02629103697836399, "CosSim": 0.9377743601799011, "Dice": 0.9782382845878601, "_runtime": 76, "_timestamp": 1613074606, "_step": 408000}