{"epoch": 990, "MSE": 0.00145167566370219, "CosSim": 0.0008451938629150391, "Dice": 0.03551512956619263, "_runtime": 651, "_timestamp": 1613410639, "_step": 2973}