{"epoch": 990, "MSE": 2.622776094085566e-07, "CosSim": 1.6689300537109375e-06, "Dice": 0.0017147660255432129, "_runtime": 42812, "_timestamp": 1613190691, "_step": 7928000}