{"epoch": 999, "batch_loss": 0.026257019490003586, "_runtime": 883, "_timestamp": 1612906406, "_step": 8000000, "loss": 0.026257019490003586}