{"epoch": 3900, "MSE": 0.023843370378017426, "CosSim": 0.6924740076065063, "Dice": 0.5985125303268433, "_runtime": 164217, "_timestamp": 1613402887, "_step": 31208000}