{"epoch": 3800, "MSE": 0.024714039638638496, "CosSim": 0.7415465116500854, "Dice": 0.6088641881942749, "_runtime": 160134, "_timestamp": 1613398804, "_step": 30408000}