{"epoch": 4000, "MSE": 0.032894834876060486, "CosSim": 1.0, "Dice": 0.6666666269302368, "_runtime": 168298, "_timestamp": 1613406968, "_step": 32008000}