{"epoch": 495, "MSE": 0.026167379692196846, "CosSim": 0.9241148233413696, "Dice": 0.9779677391052246, "_runtime": 723, "_timestamp": 1613110319, "_step": 3968000}