{"epoch": 99, "batch_loss": 0.027143504470586777, "_step": 800000, "_runtime": 83, "_timestamp": 1612900505, "loss": 0.027143504470586777}