{"epoch": 990, "MSE": 0.026346733793616295, "CosSim": 0.9224237203598022, "Dice": 0.9746186137199402, "_runtime": 1571, "_timestamp": 1613083142, "_step": 7928000}