{"epoch": 99, "batch_loss": 0.03110501915216446, "_step": 800000, "_runtime": 78, "_timestamp": 1612898528, "loss": 0.03110501915216446}