{"epoch": 610, "MSE": 0.026840969920158386, "CosSim": 0.9996994137763977, "Dice": 0.9238218069076538, "_runtime": 4653, "_timestamp": 1613146729, "_step": 4888000}