{"epoch": 99, "batch_loss": 0.02660340443253517, "_runtime": 98, "_timestamp": 1612904657, "_step": 800000, "loss": 0.02660340443253517}