{"epoch": 99, "batch_loss": 0.02625981718301773, "_runtime": 99, "_timestamp": 1612914935, "_step": 800000, "loss": 0.02625981718301773}