{"epoch": 99, "batch_loss": 0.02661098912358284, "_runtime": 106, "_timestamp": 1612914729, "_step": 800000, "loss": 0.02661098912358284}