{"epoch": 999, "batch_loss": 0.026713447645306587, "_runtime": 1048, "_timestamp": 1612911151, "_step": 8000000, "loss": 0.026713447645306587}