{"epoch": 495, "MSE": 0.025907663628458977, "CosSim": 0.8751178979873657, "Dice": 0.900762140750885, "_runtime": 3564, "_timestamp": 1613108947, "_step": 3968000}