{"epoch": 495, "MSE": 0.026186777278780937, "CosSim": 0.9032387137413025, "Dice": 0.9710255265235901, "_runtime": 780, "_timestamp": 1613118166, "_step": 3968000}