{"epoch": 99, "batch_loss": 0.02665826492011547, "_step": 800000, "_runtime": 73, "_timestamp": 1612902997, "loss": 0.02665826492011547}