{"epoch": 495, "MSE": 0.026403671130537987, "CosSim": 0.9336016774177551, "Dice": 0.9122707843780518, "_runtime": 3778, "_timestamp": 1613105248, "_step": 3968000}