{"epoch": 999, "batch_loss": 0.026390885934233665, "_runtime": 891, "_timestamp": 1612904633, "_step": 8000000, "loss": 0.026390885934233665}