{"epoch": 99, "batch_loss": 0.029300348833203316, "_step": 800000, "_runtime": 80, "_timestamp": 1612898909, "loss": 0.029300348833203316}