{"epoch": 99, "batch_loss": 0.027255265042185783, "_step": 800000, "_runtime": 80, "_timestamp": 1612900953, "loss": 0.027255265042185783}