{"epoch": 99, "batch_loss": 0.026420000940561295, "_runtime": 97, "_timestamp": 1612904350, "_step": 800000, "loss": 0.026420000940561295}