{"epoch": 990, "MSE": 0.025929121300578117, "CosSim": 0.8761318922042847, "Dice": 0.904746413230896, "_runtime": 8926, "_timestamp": 1613114183, "_step": 7928000}