{"epoch": 99, "batch_loss": 0.026762444525957108, "_step": 800000, "_runtime": 75, "_timestamp": 1612904497, "loss": 0.026762444525957108}