{"epoch": 99, "batch_loss": 0.026816701516509056, "_runtime": 98, "_timestamp": 1612904148, "_step": 800000, "loss": 0.026816701516509056}