{"epoch": 0, "MSE": 0.025516681373119354, "CosSim": 0.8253198862075806, "Dice": 0.6477365493774414, "_runtime": 482, "_timestamp": 1613234404, "_step": 8000}