{"epoch": 99, "batch_loss": 0.02750498428940773, "_step": 800000, "_runtime": 80, "_timestamp": 1612901037, "loss": 0.02750498428940773}