{"epoch": 999, "batch_loss": 0.0263338852673769, "_runtime": 855, "_timestamp": 1612909686, "_step": 8000000, "loss": 0.0263338852673769}