{"epoch": 99, "batch_loss": 0.02771800383925438, "_step": 800000, "_runtime": 75, "_timestamp": 1612898811, "loss": 0.02771800383925438}