{"epoch": 99, "batch_loss": 0.02713451348245144, "_step": 800000, "_runtime": 82, "_timestamp": 1612904417, "loss": 0.02713451348245144}