{"epoch": 99, "batch_loss": 0.0267010685056448, "_step": 800000, "_runtime": 76, "_timestamp": 1612903544, "loss": 0.0267010685056448}