{"epoch": 99, "batch_loss": 0.02785082906484604, "_step": 800000, "_runtime": 80, "_timestamp": 1612900059, "loss": 0.02785082906484604}