{"epoch": 99, "batch_loss": 0.02717525139451027, "_step": 800000, "_runtime": 88, "_timestamp": 1612899528, "loss": 0.02717525139451027}