{"epoch": 99, "batch_loss": 0.026307281106710434, "_runtime": 98, "_timestamp": 1612904867, "_step": 800000, "loss": 0.026307281106710434}