{"epoch": 99, "batch_loss": 0.02635808102786541, "_runtime": 98, "_timestamp": 1612914831, "_step": 800000, "loss": 0.02635808102786541}