{"epoch": 990, "MSE": 0.026026487350463867, "CosSim": 0.8930401802062988, "Dice": 0.969911515712738, "_runtime": 1411, "_timestamp": 1613081575, "_step": 7928000}