{"epoch": 990, "MSE": 0.026145247742533684, "CosSim": 0.9102354049682617, "Dice": 0.973773181438446, "_runtime": 1668, "_timestamp": 1613131816, "_step": 7928000}