{"epoch": 495, "MSE": 0.026028936728835106, "CosSim": 0.8895096182823181, "Dice": 0.9691112637519836, "_runtime": 743, "_timestamp": 1613144268, "_step": 3968000}