{"epoch": 990, "MSE": 2352.44482421875, "CosSim": 0.320915162563324, "Dice": -0.9896150827407837, "_runtime": 7747, "_timestamp": 1613111099, "_step": 7928000}