{"epoch": 99, "batch_loss": 0.027525024488568306, "_step": 800000, "_runtime": 77, "_timestamp": 1612904578, "loss": 0.027525024488568306}