{"epoch": 99, "batch_loss": 0.02706647291779518, "_step": 800000, "_runtime": 83, "_timestamp": 1612900417, "loss": 0.02706647291779518}