{"epoch": 1980, "MSE": 0.00042995461262762547, "CosSim": 0.0003317594528198242, "Dice": 0.017122924327850342, "_runtime": 1266, "_timestamp": 1613411934, "_step": 5943}