{"epoch": 500, "MSE": 0.02561706118285656, "CosSim": 0.8370530009269714, "Dice": 0.6489924192428589, "_runtime": 27385, "_timestamp": 1613191097, "_step": 4008000}