{"epoch": 99, "batch_loss": 0.0277449581772089, "_step": 800000, "_runtime": 72, "_timestamp": 1612904096, "loss": 0.0277449581772089}