{"epoch": 495, "MSE": 0.02623811736702919, "CosSim": 0.9216969013214111, "Dice": 0.910948634147644, "_runtime": 4135, "_timestamp": 1613127043, "_step": 3968000}