{"epoch": 99, "batch_loss": 0.027544140815734863, "_step": 800000, "_runtime": 85, "_timestamp": 1612899436, "loss": 0.027544140815734863}