{"epoch": 99, "batch_loss": 0.026638604700565338, "_runtime": 97, "_timestamp": 1612904249, "_step": 800000, "loss": 0.026638604700565338}