{"epoch": 990, "MSE": 0.02612190693616867, "CosSim": 0.9141196608543396, "Dice": 0.9765692949295044, "_runtime": 1530, "_timestamp": 1613132346, "_step": 7928000}