{"epoch": 999, "batch_loss": 0.02628600038588047, "_runtime": 801, "_timestamp": 1612907211, "_step": 8000000, "loss": 0.02628600038588047}