{"epoch": 99, "batch_loss": 0.026717519387602806, "_step": 800000, "_runtime": 77, "_timestamp": 1612902668, "loss": 0.026717519387602806}