{"epoch": 99, "batch_loss": 0.028534211218357086, "_step": 800000, "_runtime": 80, "_timestamp": 1612902189, "loss": 0.028534211218357086}