{"epoch": 99, "batch_loss": 0.026577353477478027, "_runtime": 99, "_timestamp": 1612904453, "_step": 800000, "loss": 0.026577353477478027}