{"epoch": 990, "MSE": 0.10035719722509384, "CosSim": 0.9107509255409241, "Dice": 0.9549140334129333, "_runtime": 1345, "_timestamp": 1613123418, "_step": 7928000}