{"epoch": 999, "batch_loss": 0.027011636644601822, "_runtime": 1037, "_timestamp": 1612907978, "_step": 8000000, "loss": 0.027011636644601822}