{"epoch": 99, "batch_loss": 0.027193542569875717, "_step": 800000, "_runtime": 85, "_timestamp": 1612901852, "loss": 0.027193542569875717}