{"epoch": 99, "batch_loss": 0.026892956346273422, "_step": 800000, "_runtime": 77, "_timestamp": 1612903625, "loss": 0.026892956346273422}