{"epoch": 990, "MSE": 0.0004710627254098654, "CosSim": 0.0002714991569519043, "Dice": 0.02002429962158203, "_runtime": 641, "_timestamp": 1613410664, "_step": 2973}