{"epoch": 99, "batch_loss": 0.02664804458618164, "_step": 800000, "_runtime": 75, "_timestamp": 1612903464, "loss": 0.02664804458618164}