{"epoch": 9999, "batch_loss": 0.026434142142534256, "_runtime": 9464, "_timestamp": 1612915961, "_step": 80000000, "loss": 0.026434142142534256}