{"epoch": 460, "MSE": 0.02579420804977417, "CosSim": 0.8591791391372681, "Dice": 0.9023125767707825, "_runtime": 3426, "_timestamp": 1613146725, "_step": 3688000}