{"epoch": 99, "batch_loss": 0.0268723051995039, "_step": 800000, "_runtime": 72, "_timestamp": 1612903944, "loss": 0.0268723051995039}