{"epoch": 495, "MSE": 0.02566063217818737, "CosSim": 0.8374273180961609, "Dice": 0.9003130793571472, "_runtime": 4495, "_timestamp": 1613090535, "_step": 3968000}