{"epoch": 99, "batch_loss": 0.028477361425757408, "_step": 800000, "_runtime": 82, "_timestamp": 1612898445, "loss": 0.028477361425757408}