{"epoch": 1980, "MSE": 0.0001820145407691598, "CosSim": 9.518861770629883e-05, "Dice": 0.01269906759262085, "_runtime": 1526, "_timestamp": 1613412170, "_step": 5943}