{"epoch": 495, "MSE": 0.01850328966975212, "CosSim": 0.4551376700401306, "Dice": 0.5357142686843872, "_runtime": 717, "_timestamp": 1613103345, "_step": 3968000}