{"epoch": 999, "batch_loss": 0.026264667510986328, "_runtime": 944, "_timestamp": 1612914209, "_step": 8000000, "loss": 0.026264667510986328}