{"epoch": 999, "batch_loss": 0.026691706851124763, "_runtime": 1043, "_timestamp": 1612913261, "_step": 8000000, "loss": 0.026691706851124763}