{"epoch": 4950, "MSE": 0.031076636165380478, "CosSim": 0.8085352182388306, "Dice": 0.6429768800735474, "_runtime": 3671, "_timestamp": 1613434837, "_step": 123775}