{"epoch": 495, "MSE": 0.02650892175734043, "CosSim": 0.970390796661377, "Dice": 0.9142584204673767, "_runtime": 2962, "_timestamp": 1613086977, "_step": 3968000}