{"epoch": 990, "MSE": 0.02614547684788704, "CosSim": 0.910090446472168, "Dice": 0.9737533330917358, "_runtime": 1714, "_timestamp": 1613146495, "_step": 7928000}