{"epoch": 99, "batch_loss": 0.028185326606035233, "_step": 800000, "_runtime": 79, "_timestamp": 1612899881, "loss": 0.028185326606035233}