{"epoch": 495, "MSE": 0.026198871433734894, "CosSim": 0.90839684009552, "Dice": 0.9718958735466003, "_runtime": 707, "_timestamp": 1613082296, "_step": 3968000}