{"epoch": 495, "MSE": 0.02602563612163067, "CosSim": 0.8819653391838074, "Dice": 0.9054868817329407, "_runtime": 3937, "_timestamp": 1613092528, "_step": 3968000}