{"epoch": 99, "batch_loss": 0.029186001047492027, "_step": 800000, "_runtime": 84, "_timestamp": 1612899169, "loss": 0.029186001047492027}