{"epoch": 99, "batch_loss": 0.027064690366387367, "_step": 800000, "_runtime": 77, "_timestamp": 1612903706, "loss": 0.027064690366387367}