{"epoch": 495, "MSE": 0.02577042207121849, "CosSim": 0.8366314172744751, "Dice": 0.9713742733001709, "_runtime": 807, "_timestamp": 1613130809, "_step": 3968000}