{"epoch": 99, "batch_loss": 0.02808273211121559, "_step": 800000, "_runtime": 77, "_timestamp": 1612897824, "loss": 0.02808273211121559}