{"epoch": 99, "batch_loss": 0.028835246339440346, "_step": 800000, "_runtime": 76, "_timestamp": 1612902426, "loss": 0.028835246339440346}