{"epoch": 495, "MSE": 0.026221266016364098, "CosSim": 0.939466118812561, "Dice": 0.8954424262046814, "_runtime": 3487, "_timestamp": 1613085802, "_step": 3968000}